{
    "Version": "2012-10-17",
    "Statement": [
        {
            "Effect": "Allow",
            "Action": [
                "sqs:ReceiveMessage",
                "sqs:DeleteMessage",
                "sqs:GetQueueAttributes",
                "logs:CreateLogGroup",
                "logs:CreateLogStream",
                "logs:PutLogEvents"
            ],
            "Resource": "*"
        },
		{
            "Effect": "Allow",
            "Action": "s3:PutObject",
            "Resource": [
                "arn:aws:s3:::babbel-lesson-events/*",
                "arn:aws:s3:::babbel-subscription-events/*",
                "arn:aws:s3:::babbel-user-events/*"
            ]
        },
        {
            "Effect": "Allow",
            "Action": [
                "dynamodb:BatchGetItem",
                "dynamodb:BatchWriteItem",
                "dynamodb:PutItem",
                "dynamodb:GetItem",
                "dynamodb:UpdateItem"
            ],
            "Resource": "arn:aws:dynamodb:us-east-1:026685787218:table/babbel-user-subscriptions"
        }
    ]
}
